# output folder, general config, edge config, application config
results\behaviourAndCommunication24,generalConfig\generalConfig100_0.properties,edgeConfig\edge_devices.xml,deploysConfig\behaviourAndCommunication100_24.xml
results\behaviourAndCommunication24,generalConfig\generalConfig110_0.properties,edgeConfig\edge_devices.xml,deploysConfig\behaviourAndCommunication110_24.xml
results\behaviourAndCommunication24,generalConfig\generalConfig120_0.properties,edgeConfig\edge_devices.xml,deploysConfig\behaviourAndCommunication120_24.xml
results\behaviourAndCommunication24,generalConfig\generalConfig130_0.properties,edgeConfig\edge_devices.xml,deploysConfig\behaviourAndCommunication130_24.xml
results\behaviourAndCommunication24,generalConfig\generalConfig140_0.properties,edgeConfig\edge_devices.xml,deploysConfig\behaviourAndCommunication140_24.xml
results\behaviourAndCommunication24,generalConfig\generalConfig150_0.properties,edgeConfig\edge_devices.xml,deploysConfig\behaviourAndCommunication150_24.xml
results\behaviourAndCommunication24,generalConfig\generalConfig160_0.properties,edgeConfig\edge_devices.xml,deploysConfig\behaviourAndCommunication160_24.xml
results\behaviourAndCommunication24,generalConfig\generalConfig170_0.properties,edgeConfig\edge_devices.xml,deploysConfig\behaviourAndCommunication170_24.xml
results\behaviourAndCommunication24,generalConfig\generalConfig180_0.properties,edgeConfig\edge_devices.xml,deploysConfig\behaviourAndCommunication180_24.xml
results\behaviourAndCommunication24,generalConfig\generalConfig190_0.properties,edgeConfig\edge_devices.xml,deploysConfig\behaviourAndCommunication190_24.xml
results\behaviourAndCommunication24,generalConfig\generalConfig200_0.properties,edgeConfig\edge_devices.xml,deploysConfig\behaviourAndCommunication200_24.xml
results\behaviourAndCommunication24,generalConfig\generalConfig210_0.properties,edgeConfig\edge_devices.xml,deploysConfig\behaviourAndCommunication210_24.xml
results\behaviourAndCommunication24,generalConfig\generalConfig220_0.properties,edgeConfig\edge_devices.xml,deploysConfig\behaviourAndCommunication220_24.xml
results\behaviourAndCommunication24,generalConfig\generalConfig230_0.properties,edgeConfig\edge_devices.xml,deploysConfig\behaviourAndCommunication230_24.xml
results\behaviourAndCommunication24,generalConfig\generalConfig240_0.properties,edgeConfig\edge_devices.xml,deploysConfig\behaviourAndCommunication240_24.xml
results\behaviourAndCommunication24,generalConfig\generalConfig250_0.properties,edgeConfig\edge_devices.xml,deploysConfig\behaviourAndCommunication250_24.xml
results\behaviourAndCommunication24,generalConfig\generalConfig260_0.properties,edgeConfig\edge_devices.xml,deploysConfig\behaviourAndCommunication260_24.xml
results\behaviourAndCommunication24,generalConfig\generalConfig270_0.properties,edgeConfig\edge_devices.xml,deploysConfig\behaviourAndCommunication270_24.xml
results\behaviourAndCommunication24,generalConfig\generalConfig280_0.properties,edgeConfig\edge_devices.xml,deploysConfig\behaviourAndCommunication280_24.xml
results\behaviourAndCommunication24,generalConfig\generalConfig290_0.properties,edgeConfig\edge_devices.xml,deploysConfig\behaviourAndCommunication290_24.xml
results\behaviourAndCommunication24,generalConfig\generalConfig300_0.properties,edgeConfig\edge_devices.xml,deploysConfig\behaviourAndCommunication300_24.xml
results\behaviourAndCommunication24,generalConfig\generalConfig310_0.properties,edgeConfig\edge_devices.xml,deploysConfig\behaviourAndCommunication310_24.xml
results\behaviourAndCommunication24,generalConfig\generalConfig320_0.properties,edgeConfig\edge_devices.xml,deploysConfig\behaviourAndCommunication320_24.xml
results\behaviourAndCommunication24,generalConfig\generalConfig330_0.properties,edgeConfig\edge_devices.xml,deploysConfig\behaviourAndCommunication330_24.xml
results\behaviourAndCommunication24,generalConfig\generalConfig340_0.properties,edgeConfig\edge_devices.xml,deploysConfig\behaviourAndCommunication340_24.xml
results\behaviourAndCommunication24,generalConfig\generalConfig350_0.properties,edgeConfig\edge_devices.xml,deploysConfig\behaviourAndCommunication350_24.xml
results\behaviourAndCommunication24,generalConfig\generalConfig360_0.properties,edgeConfig\edge_devices.xml,deploysConfig\behaviourAndCommunication360_24.xml
results\behaviourAndCommunication24,generalConfig\generalConfig370_0.properties,edgeConfig\edge_devices.xml,deploysConfig\behaviourAndCommunication370_24.xml
results\behaviourAndCommunication24,generalConfig\generalConfig380_0.properties,edgeConfig\edge_devices.xml,deploysConfig\behaviourAndCommunication380_24.xml
results\behaviourAndCommunication24,generalConfig\generalConfig390_0.properties,edgeConfig\edge_devices.xml,deploysConfig\behaviourAndCommunication390_24.xml
results\behaviourAndCommunication24,generalConfig\generalConfig400_0.properties,edgeConfig\edge_devices.xml,deploysConfig\behaviourAndCommunication400_24.xml
results\behaviourAndCommunication24,generalConfig\generalConfig410_0.properties,edgeConfig\edge_devices.xml,deploysConfig\behaviourAndCommunication410_24.xml
results\behaviourAndCommunication24,generalConfig\generalConfig420_0.properties,edgeConfig\edge_devices.xml,deploysConfig\behaviourAndCommunication420_24.xml
results\behaviourAndCommunication24,generalConfig\generalConfig430_0.properties,edgeConfig\edge_devices.xml,deploysConfig\behaviourAndCommunication430_24.xml
results\behaviourAndCommunication24,generalConfig\generalConfig440_0.properties,edgeConfig\edge_devices.xml,deploysConfig\behaviourAndCommunication440_24.xml
results\behaviourAndCommunication24,generalConfig\generalConfig450_0.properties,edgeConfig\edge_devices.xml,deploysConfig\behaviourAndCommunication450_24.xml
results\behaviourAndCommunication24,generalConfig\generalConfig460_0.properties,edgeConfig\edge_devices.xml,deploysConfig\behaviourAndCommunication460_24.xml
results\behaviourAndCommunication24,generalConfig\generalConfig470_0.properties,edgeConfig\edge_devices.xml,deploysConfig\behaviourAndCommunication470_24.xml
results\behaviourAndCommunication24,generalConfig\generalConfig480_0.properties,edgeConfig\edge_devices.xml,deploysConfig\behaviourAndCommunication480_24.xml
results\behaviourAndCommunication24,generalConfig\generalConfig490_0.properties,edgeConfig\edge_devices.xml,deploysConfig\behaviourAndCommunication490_24.xml
results\behaviourAndCommunication24,generalConfig\generalConfig500_0.properties,edgeConfig\edge_devices.xml,deploysConfig\behaviourAndCommunication500_24.xml